{
  "rmse": 12.921142241039325,
  "mae": 3.6660136709150097,
  "r2": 0.8676845824613525,
  "mape": 31.82588547718736,
  "max_error": 146.74223979136733
}