{
  "validation": {
    "xgboost": {
      "rmse": 12.775991639958484,
      "mae": 3.509237662439951,
      "r2": 0.8705001208628578,
      "mape": 31.656295307945758,
      "max_error": 146.57696380615235
    },
    "lightgbm": {
      "rmse": 12.930507082185452,
      "mae": 3.6719296580982803,
      "r2": 0.8673487831757372,
      "mape": 35.76858779980977,
      "max_error": 147.59906330788445
    },
    "catboost": {
      "rmse": 12.832134174640307,
      "mae": 3.686115668518363,
      "r2": 0.8693594773470339,
      "mape": 31.528721650684886,
      "max_error": 146.5019455610949
    },
    "ensemble": {
      "rmse": 12.76218573568056,
      "mae": 3.497021272813256,
      "r2": 0.8707798481813546,
      "mape": 30.93550473605422,
      "max_error": 146.70137892932138
    }
  },
  "test": {
    "xgboost": {
      "rmse": 12.831063931545,
      "mae": 3.41303146366918,
      "r2": 0.8695229964021289,
      "mape": 30.9623778061082,
      "max_error": 146.14985313415528
    },
    "lightgbm": {
      "rmse": 12.951899939818837,
      "mae": 3.566859644705696,
      "r2": 0.8670539011342753,
      "mape": 34.954866167548644,
      "max_error": 147.50077442474628
    },
    "catboost": {
      "rmse": 12.921142241039325,
      "mae": 3.6660136709150097,
      "r2": 0.8676845824613525,
      "mape": 31.82588547718736,
      "max_error": 146.74223979136733
    },
    "ensemble": {
      "rmse": 12.81505063353449,
      "mae": 3.4196101689301712,
      "r2": 0.8698484664298011,
      "mape": 30.47183147569789,
      "max_error": 146.31884479753302
    }
  }
}