{
  "validation": {
    "xgboost": {
      "rmse": 12.775991639958484,
      "mae": 3.509237662439951,
      "r2": 0.8705001208628578,
      "mape": 31.656295307945758,
      "max_error": 146.57696380615235
    },
    "lightgbm": {
      "rmse": 12.930439447747855,
      "mae": 3.671828807403858,
      "r2": 0.8673501708656282,
      "mape": 35.7671269634141,
      "max_error": 147.5990633657562
    },
    "catboost": {
      "rmse": 12.832134174640307,
      "mae": 3.686115668518363,
      "r2": 0.8693594773470339,
      "mape": 31.528721650684886,
      "max_error": 146.5019455610949
    },
    "ensemble": {
      "rmse": 12.719496159405116,
      "mae": 3.5559513459016285,
      "r2": 0.8716428864611799,
      "mape": 36.218959765542905,
      "max_error": 145.3962067197781
    }
  },
  "test": {
    "xgboost": {
      "rmse": 12.831063931545,
      "mae": 3.41303146366918,
      "r2": 0.8695229964021289,
      "mape": 30.9623778061082,
      "max_error": 146.14985313415528
    },
    "lightgbm": {
      "rmse": 12.951986446210931,
      "mae": 3.5668765749365376,
      "r2": 0.8670521252209628,
      "mape": 34.95652852948784,
      "max_error": 147.50077465443871
    },
    "catboost": {
      "rmse": 12.921142241039325,
      "mae": 3.6660136709150097,
      "r2": 0.8676845824613525,
      "mape": 31.82588547718736,
      "max_error": 146.74223979136733
    },
    "ensemble": {
      "rmse": 12.798227356056524,
      "mae": 3.4731088268556816,
      "r2": 0.8701899614759248,
      "mape": 36.13402664984805,
      "max_error": 145.11767319598007
    }
  }
}