{
  "validation": {
    "xgboost": {
      "rmse": 12.775991639958484,
      "mae": 3.509237662439951,
      "r2": 0.8705001208628578,
      "mape": 31.656295307945758,
      "max_error": 146.57696380615235
    },
    "lightgbm": {
      "rmse": 12.930280487047941,
      "mae": 3.671360661885598,
      "r2": 0.8673534323139582,
      "mape": 35.75573254674032,
      "max_error": 147.59906363334528
    },
    "catboost": {
      "rmse": 12.832134174640307,
      "mae": 3.686115668518363,
      "r2": 0.8693594773470339,
      "mape": 31.528721650684886,
      "max_error": 146.5019455610949
    },
    "ensemble": {
      "rmse": 12.719970460431286,
      "mae": 3.5572968843930792,
      "r2": 0.871633313590527,
      "mape": 36.226249919826785,
      "max_error": 145.3980265263418
    }
  },
  "test": {
    "xgboost": {
      "rmse": 12.831063931545,
      "mae": 3.41303146366918,
      "r2": 0.8695229964021289,
      "mape": 30.9623778061082,
      "max_error": 146.14985313415528
    },
    "lightgbm": {
      "rmse": 12.951962908446067,
      "mae": 3.566906078618289,
      "r2": 0.8670526084353307,
      "mape": 34.95537748073252,
      "max_error": 147.5007748577059
    },
    "catboost": {
      "rmse": 12.921142241039325,
      "mae": 3.6660136709150097,
      "r2": 0.8676845824613525,
      "mape": 31.82588547718736,
      "max_error": 146.74223979136733
    },
    "ensemble": {
      "rmse": 12.798277563194569,
      "mae": 3.470876197311167,
      "r2": 0.8701889429906102,
      "mape": 36.083615623406054,
      "max_error": 145.0840026851104
    }
  }
}