{
  "validation": {
    "xgboost": {
      "rmse": 12.775991639958484,
      "mae": 3.509237662439951,
      "r2": 0.8705001208628578,
      "mape": 31.656295307945758,
      "max_error": 146.57696380615235
    },
    "lightgbm": {
      "rmse": 12.930441025295286,
      "mae": 3.6717324290025855,
      "r2": 0.8673501384983741,
      "mape": 35.76525530504022,
      "max_error": 147.59906331566796
    },
    "catboost": {
      "rmse": 12.832134174640307,
      "mae": 3.686115668518363,
      "r2": 0.8693594773470339,
      "mape": 31.528721650684886,
      "max_error": 146.5019455610949
    },
    "ensemble": {
      "rmse": 12.762206936890614,
      "mae": 3.4969120424766023,
      "r2": 0.8707794188464563,
      "mape": 30.935646966707836,
      "max_error": 146.70210995847947
    }
  },
  "test": {
    "xgboost": {
      "rmse": 12.831063931545,
      "mae": 3.41303146366918,
      "r2": 0.8695229964021289,
      "mape": 30.9623778061082,
      "max_error": 146.14985313415528
    },
    "lightgbm": {
      "rmse": 12.952094602763431,
      "mae": 3.5670995957961193,
      "r2": 0.8670499048289179,
      "mape": 34.954185776891514,
      "max_error": 147.5007746555048
    },
    "catboost": {
      "rmse": 12.921142241039325,
      "mae": 3.6660136709150097,
      "r2": 0.8676845824613525,
      "mape": 31.82588547718736,
      "max_error": 146.74223979136733
    },
    "ensemble": {
      "rmse": 12.81508916358669,
      "mae": 3.4195854138911863,
      "r2": 0.8698476837949034,
      "mape": 30.473272930513396,
      "max_error": 146.31893924617265
    }
  }
}