{
  "rmse": 12.952089460843007,
  "mae": 3.5671750987320165,
  "r2": 0.8670500103900174,
  "mape": 34.96333709469389,
  "max_error": 147.50077457572243
}