trial_number,value,state,num_leaves,max_depth,learning_rate,n_estimators,min_child_samples,subsample,colsample_bytree,reg_alpha,reg_lambda
0,12.970724975024925,COMPLETE,69,15,0.1205712628744377,200,19,0.662397808134481,0.6232334448672797,8.661761457749352,6.011150117432088
1,13.795069731608205,COMPLETE,112,-1,0.2708160864249968,258,25,0.6727299868828402,0.6733618039413735,3.0424224295953772,5.247564316322379
2,13.15341025611168,COMPLETE,76,3,0.08012737503998542,85,33,0.7465447373174767,0.7824279936868144,7.851759613930136,1.9967378215835974
3,13.376276126235865,COMPLETE,87,9,0.011711509955524094,202,21,0.6260206371941118,0.9795542149013333,9.656320330745594,8.08397348116461
4,12.930230464564387,COMPLETE,59,0,0.1024932221692416,160,16,0.798070764044508,0.6137554084460873,9.093204020787821,2.587799816000169
