trial_number,value,state,depth,learning_rate,iterations,l2_leaf_reg,border_count,bagging_temperature,random_strength
0,12.934326884650709,COMPLETE,6,0.2536999076681772,233,6,66,0.15599452033620265,0.5808361216819946
1,12.832134174640307,COMPLETE,10,0.07725378389307355,227,1,249,0.8324426408004217,2.1233911067827616
2,13.970327211850373,COMPLETE,5,0.018659959624904916,126,6,128,0.2912291401980419,6.118528947223795
3,13.390909631385611,COMPLETE,4,0.027010527749605478,141,5,207,0.19967378215835974,5.142344384136116
4,13.728277679737136,COMPLETE,8,0.011711509955524094,202,2,46,0.9488855372533332,9.656320330745594
