feature,correlation,abs_correlation
CO2(tCO2),0.8940115638572359,0.8940115638572359
Lagging_Current_Reactive.Power_kVarh,0.7824968378853416,0.7824968378853416
Lagging_Current_Power_Factor,0.3575703287006946,0.3575703287006946
Leading_Current_Power_Factor,0.3283284666938113,0.3283284666938113
Leading_Current_Reactive_Power_kVarh,-0.2945252784291225,0.2945252784291225
NSM,0.21863797428905524,0.21863797428905524
