{
  "rmse": 12.842520431851568,
  "mae": 3.533075556310431,
  "r2": 0.869289893804126,
  "mape": 31.46118679002511,
  "max_error": 146.18531074523926
}