{
  "rmse": 12.831063931545,
  "mae": 3.41303146366918,
  "r2": 0.8695229964021289,
  "mape": 30.9623778061082,
  "max_error": 146.14985313415528
}