{
  "model": "s3://autogluon/chronos-2",
  "finetuned": true,
  "num_steps": 5,
  "learning_rate": 1e-05,
  "batch_size": 8,
  "metrics": {
    "rmse": 40.50714066862656,
    "mae": 26.266739814814816,
    "r2": -0.30742863829083444,
    "mape": 143.125412312513,
    "max_error": 145.525
  },
  "timestamp": "20251029_144949"
}