{
  "model": "s3://autogluon/chronos-2",
  "context_length": 512,
  "metrics": {
    "rmse": 53.10690296173841,
    "mae": 39.763000000000005,
    "r2": -1.0990570296977222,
    "mape": 76.98094806061671,
    "max_error": 110.05
  },
  "timestamp": "20251029_150405"
}